feature	Neutrophil	PD_B	PD_abT_.CD8.	PD_mDC	PD_Monocyte	PD_Neutrophil	PD_NK	PD_pDC	PD_Plasma	PD_Th17	Epi_2	Epi_3	PD_Epi_2	PD_Epi_3	PD_Mel	Epi_1.3	PD_LEC	PD_VEC_1.2	PD_VEC_1.4	PD_Fib_1.2
Sample1	0	0.021778128	0	0.054017681	0.028355426	0.350621078	0	0.02558062	0	0.132775825	0.083774412	0	0	0.044658441	0.038754399	0	0	0.210041658	0	0.009642331
Sample2	0.029585479	0.062389302	0.004680621	0.001094624	0.075275132	0.430147012	0.000486536	0.025115982	0	0.069068864	0.004087294	0	0	0.071955608	0.016493678	0	0.001305497	0.177427114	0	0.024089663
Sample3	0	0.103974219	0.04522732	0	0.052831725	0.14222264	0.013709759	0.100919814	0.021904408	0.173338862	0	0	0.030710437	0.005452742	0.036584198	0	0.003490311	0.248534377	0	0.021099187
Sample4	0	0.036865702	0	0.03969847	0.017870905	0.340559362	0.001856757	0.027417876	0	0.138745596	0.101403509	0	0	0.066417646	0.028128591	0	0	0.199284073	0	0.001751514
Sample5	0.015639296	0.006898003	0.016462102	0.029613622	0.064352251	0.27306261	0.008335974	0.08567213	0	0.065312087	0.081014784	0.008863621	0	0.132139322	0.042953729	0	0	0.158211288	0	0.011469183
Sample6	0.029639735	0.079217965	0.014662652	0.03454968	0.065205132	0.22578349	0.053614534	0.034074999	0	0.162531621	0.009029172	0	0	0.033773109	0.040982351	0	0.004132148	0.201116247	0	0.011687166
Sample7	0	0.052681786	0.056379904	0.002890259	0.054057011	0.326182054	0.001847768	0.080813735	0.00718307	0.123765181	0	0	0	0.03296734	0.023787242	0	0	0.22357183	0	0.01387282
Sample8	0	0.03228562	0	0	0.068339811	0.295035706	0.003491392	0.057106851	0	0.111075566	0.086399203	0	0.01344006	0.004645205	0.046113996	0	0	0.262806055	0	0.019260536
Sample9	0.007131727	0	0	0	0.011101433	0.226698777	0	0.02241887	0	0.060694729	0.010477224	0	0	0.019103442	0.126884023	0	0.018224884	0.440282384	0	0.056982505
Sample10	0	0	0	0	0	0.339556029	0	0.022230712	0.000511256	0.037108252	0.094966866	0	0.01202138	0.064775486	0.059658307	0	0	0.337613342	0	0.03155837
Sample11	0	0.018891499	0.017681552	0	0.007971027	0.066497783	0	0.040353544	0	0.091658699	0.305910858	0.033491841	0.033934701	0.022213375	0.06092972	0	0.001116329	0.242048117	0	0.042119562
Sample12	0.022950509	0.034411445	0	0.020852882	0.005179013	0.180698627	0	0.015380635	0	0.179537475	0.039820717	0.021063424	0	0.112614988	0.054514494	0	0	0.284520619	0	0.028455172
Sample13	0.013842664	0	0	0.016129045	0.005994751	0.206744894	0	0.024272935	0	0.043598595	0.200317322	0	0	0.178183392	0.047502618	0	0	0.259409585	0	0.004004199
Sample14	0	0	0	0	0	0.033575709	0	0.018727055	0	0	0.029502223	0	0	0.109704966	0.16680588	0	0.032598413	0.524052341	0	0.085033414
Sample15	0	0	0	0	0	0.498016963	0	0	0	0	0	0	0	0	0	0	0.053086469	0.159965428	0.157749119	0.131182023
Sample16	0	0	0	0	0	0.249903565	0	0	0	0	0.006750862	0	0	0	0	0	0.075171744	0.370141217	0.10918059	0.188852023
Sample17	0	0	0	0	0	0.300615872	0	0	0.000826347	0	0.001180909	0	0	0.00263949	0.009264766	0	0.047896816	0.442689948	0.036227509	0.158658344
Sample18	0	0	0	0	0	0.292572024	0	0	0	0	0.004660261	0	0	0.049598763	0.081790207	0	0.009618108	0.506872502	0	0.054888135
Sample19	0	0	0	0	0	0.177530836	0	0	0	0	0.016904922	0	0	0.040853877	0	0	0.051983216	0.58779855	0.01363902	0.111289579
Sample20	0	0	0	0	0	0.389258529	0	0	0	0	0.019462386	0	0	0.123299983	0	0	0.03215517	0.243660637	0.117506624	0.074656671
Sample21	0	0	0	0	0	0.216530507	0	0	0	0	0.090806101	0	0	0.038606379	0	0	0.054897785	0.321628142	0.082070117	0.195460968
Sample22	0	0	0	0	0	0.186270686	0	0	0	0.053479149	0.051597111	0	0	0.094872908	0.120595184	0	0.000660963	0.414796786	0	0.050541161
Sample23	0	0	0	0	0	0.14189243	0	0	0	0	0.113354589	0	0	0	0	0	0.043440753	0.421846111	0.052461753	0.227004365
Sample24	0	0	0	0	0	0.054389978	0	0	0	0	0	0	0	0	0	0	0.076292289	0.636787599	0	0.232530135
Sample25	0	0	0	0	0	0.283190195	0	0	0	0.050605774	0.059634161	0	0.008063908	0.000266961	0.104239358	0	0.012548696	0.435689326	0	0.045761621
Sample26	0	0	0	0	0	0.263686433	0	0	0	0	0.005257675	0	0	0.034242907	0	0	0.06942087	0.371802187	0	0.118786468
Sample27	0	0	0	0	0	0.274921865	0	0	0	0.115067934	0.005593154	0	0	0.017057626	0.120891863	0	0.013004415	0.399661687	0	0.053801456
Sample28	0	0	0	0	0.016342372	0.101091498	0	0.024420003	0	0.063126948	0.102967706	0	0.005314469	0.090363357	0.098919149	0	0.011374628	0.42554601	0	0.056815331
Sample29	0	0	0	0	0.006377369	0.062444502	0	0.010511547	0	0	0.659209994	0.007867683	0.087161119	0.085911389	0	0	0.000727855	0.079709466	0	7.91e-05
Sample30	0.005580319	0.05315689	0	0.054916315	0.012467298	0.035512378	0	0.026207522	0	0.060953469	0.101936606	0	0.087952821	0.051835841	0.040785119	0.152897637	0.0018212	0.177201282	0	0.034091207
Sample31	0.012121002	0.075470789	0.00447773	0.029674554	0.007508023	0.030702041	0	0.039253204	0	0.085851939	0.302604594	0	0.155844284	0.024044422	0.028682081	0.041575235	0	0.146646698	0	0.013280805
Sample32	0.001893169	0	0	0	0.008351705	0.006262505	0	0.008542307	0	0	0.528549388	0	0.236265588	0.019452972	0.02883825	0.008474612	0	0.117359865	0	0.036009639
Sample33	0.005277835	0.061109081	0	0.012864315	0.01599579	0.067720999	0	0.01499441	0	0.06583415	0.228063331	0	0.071860119	0.082796005	0.034114144	0.129520295	0.000691631	0.174024261	0	0.035133635
Sample34	0	0	0	0	0	0.001313414	0	0.031837004	0	0	0	0	0.054541008	0.265430126	0.066130117	0.224210503	0.002128468	0.156791587	0	0.022214992
Sample35	0.000341152	0.113801136	0	0	0.022365095	0.043278194	0	0	0	0	0.285510588	0	0.176575791	0.014575216	0.001558481	0.157287131	0	0.160826698	0	0
Sample36	0	0	0	0.016304029	0	0.040231234	0	0	0	0	0.016878616	0.29755251	0	0.266271662	0.055913461	0	0.002870639	0.260293356	0	0.043684494
Sample37	0.007723483	0	0	0	0	0.118164613	0	0	0	0	0.185154239	0	0.32042764	0.115415585	0	0	0	0.206220634	0	0.046893805
Sample38	0	0	0	0	0	0.300300854	0	0	0	0	0.146899574	0	0	0.176734862	0.026872082	0	0.00294216	0.313840951	0	0.032409518
Sample39	0	0	0	0	0	0.068920454	0	0	0	0	0.418413041	0	0	0.060945923	0	0	0.036610245	0.209303892	0.1101006	0.095705846
Sample40	0	0	0	0	0	0.027267738	0	0	0	0	0.176204634	0	0.005978343	0.443837972	0.037391894	0	0	0.285680975	0	0.023638444
Sample41	0	0	0	0	0	0.031396662	0	0	0	0	0.074735251	0.404787591	0	0.068975052	0.048869947	0	0.00056018	0.366656246	0	0.004019071
Sample42	0	0	0	0	0	0.050748101	0	0	0	0	0.565301448	0	0	0.235742667	0	0	0	0.148207785	0	0
Sample43	0	0	0	0	0	0.160955225	0	0	0	0	0.081544014	0	0	0.285346694	0.066634311	0	0.017409246	0.365725522	0	0.022384988
Sample44	0	0	0	0	0	0.528546531	0	0	0	0	0.064952271	0	0	0.005436536	0.007217856	0	0.004619864	0.323189793	0	0.066037148
Sample45	0	0	0	0	0.014406544	0.031569407	0	0.023513052	0	0	0.466071555	0	0.013035777	0.281982332	0.0162949	0	0.004299722	0.107631091	0	0.04119562
Sample46	0	0	0	0	0	0.501513916	0	0	0	0	0.101657145	0	0	0.079222935	0	0	0.014125068	0.100481225	0.137700063	0.065299648
Sample47	0	0	0	0	0	0.578165863	0	0	0	0	0.050851635	0	0	0.009320899	0	0	0.043514543	0.157177884	0.071017766	0.08995141
Sample48	0	0	0	0	0	0.371819246	0	0	0	0	0.080316181	0	0	0.033868343	0.086587948	0	0.00908003	0.379165833	0	0.039162419
Sample49	0	0	0	0	0	0.542795285	0	0	0	0	0.069248042	0	0	0.011870454	0	0	0.01596806	0.184638562	0.087598948	0.087880648
Sample50	0	0	0	0	0	0.308220427	0	0	0	0	0.004220577	0	0	0	0	0	0.080983474	0.303848057	0.138583845	0.16414362
Sample51	0	0	0	0	0	0.40732753	0	0	0	0	0.108001131	0	0	0	0	0	0.050748262	0.161329787	0.077041483	0.195551807
Sample52	0	0	0	0	0	0.549049969	0	0	0	0	0.00563455	0	0	0.011555086	0	0	0.033745373	0.186990888	0.054995938	0.158028196
Sample53	0	0	0	0	0	0.445933913	0	0	0	0	0.020405784	0	0	0	0	0	0.065608078	0.235256243	0.017112166	0.215683817
Sample54	0	0	0	0.007870464	0	0.426437093	0	0.013267386	0	0.063612584	0	0	0	0.010368997	0.069177758	0	0	0.379820969	0	0.02944475
Sample55	0	0	0	0	0	0.475547181	0	0	0	0	0.003888491	0	0	0.076349892	0	0	0.024385658	0.181886695	0.050379414	0.18756267
Sample56	0	0	0	0	0	0.317044156	0	0	0	0	0	0	0	0.003869808	0	0	0.031281733	0.525072692	0.036124377	0.086607232
Sample57	0	0	0	0	0	0.014835956	0	0	0	0	0.08023626	0	0	0.314869014	0.094762107	0	0.009714146	0.407558169	0	0.078024347
Sample58	0	0	0	0	0	0.014578337	0	0	0	0	0	0	0	0.013855188	0.154291956	0	0.046457645	0.635970375	0	0.134846498
Sample59	0	0	0	0	0	0.035755701	0	0	0	0	0	0	0	0.027070772	0	0	0.09866434	0.48260728	0.110289622	0.245612286
Sample60	0	0	0	0	0	0.058465314	0	0	0	0	0.131625987	0	0	0.222622033	0	0	0.011860506	0.406321162	0	0.169104998
Sample61	0	0	0	0	0	0.073661802	0	0	0	0	0.02100295	0	0	0.012538914	0	0	0.099599543	0.280562066	0.085562619	0.427072107
Sample62	0	0	0	0	0	0.197849063	0	0	0	0	0.007902745	0	0	0.160800983	0	0	0.067341052	0.09454739	0.178568984	0.292989782
Sample63	0	0	0	0	0	0.076471681	0	0	0	0	0.036649081	0.055677203	0	0.06272953	0.054465051	0	0.032041062	0.596590285	0	0.085376106
Sample64	0	0	0	0	0	0.001207378	0	0	0	0	0.007374199	0	0	0.123326394	0	0	0.040966202	0.569177129	0	0.257948698
Sample65	0	0	0	0	0	0.063840981	0	0	0	0	0.031252917	0.008993959	0	0.21091577	0	0	0.052991148	0.394089935	0.028830039	0.209085251
Sample66	0	0	0	0	0	0.009805592	0	0	0	0	0	0	0	0.030246193	0	0	0.063682723	0.550951955	0.086295916	0.259017621
Sample67	0	0	0	0	0	0.046916715	0	0	0	0	0.098003904	0	0	0.050410531	0	0	0.014645882	0.568646106	0	0.221376863
Sample68	0	0	0	0	0	0.010141729	0	0	0	0	0.010248357	0	0	0.004603521	0.044090776	0	0.069795295	0.464072929	0.113331843	0.171075619
Sample69	0.001258051	0	0	0	0.001140349	0.015536994	0	0	0	0.001014522	0	0.010424098	0	0.017442725	0.161165979	0	0.007590072	0.446550716	0	0.066202473
Sample70	0	0	0	0	0	0.026476415	0	0	0	0	0.122514555	0	0	0.147584388	0	0	0.018858146	0.418679964	0.098178836	0.167707696
Sample71	0.031504908	0.069275089	0	0.022754927	0.055264356	0.069251219	0.030347191	0.075339768	0.073453779	0.078214918	0.018180044	0	0.020519669	0.080853246	0.025271642	0	0.002653506	0.155907463	0	0.028915984
Sample72	0.009234073	0.017695441	0.013251407	0.046431298	0.026694077	0.030394038	0	0.079119581	0.245147456	0.05471771	0.00616418	0	0.014707509	0.176587694	0.025496981	0.017102892	0.005124281	0.124757321	0	0.016310038
Sample73	0	0.040263324	0	0.068248601	0.006493529	0.038550933	0.006862108	0.077137238	0.266536529	0.037230886	0.022800868	0	0.024967396	0.080806434	0.029710636	0.01280321	0.003062568	0.102181301	0	0.050895006
Sample74	0.004209997	0.098764245	0.035381869	0.004354599	0.02822676	0.055980346	0	0.110978449	0.22615358	0.074274712	0.001303389	0	0.01086776	0.072499951	0.029577523	0	0.008989505	0.185571206	0	0.052866108
Sample75	0.159206722	0.011893597	0	0.02788124	0.050434393	0.129420613	0.001000166	0.089150906	0.136814612	0.005542903	0.011312243	0	0.013045502	0.192622635	0.028882016	0	0.010743919	0.107103976	0	0.024944556
Sample76	0.043667572	0.052485172	0.00044487	0.051878303	0.014470135	0.058111759	0.013256568	0.094045444	0.229955345	0.076276304	0	0	0.001255657	0.043311744	0.032485221	0.015447053	0.005841644	0.128558612	0	0.034954716
Sample77	0	0	0	0	0.1098393	0.330378204	0	0.01470496	0	0	0.009939707	0	0	0.193292275	0.042465923	0	0.024060586	0.234539964	0	0.040779081
Sample78	0	0.068355059	0.097304807	0.048976049	0.020572549	0.033780698	0.009512862	0.10743894	0.010781703	0.135164176	0	0	0.058320727	0.060438242	0.063800732	0.011485075	0.00011082	0.196010294	0	0.040603121
Sample79	0	0.017105347	0	0.020564313	0	0.000499732	0	0.019813324	0	0.053812386	0.344130008	0	0.122494979	0	0.068216722	0.002894391	0.001597224	0.266399829	0	0.028625603
Sample80	0	0	0	0.010326845	0.009956569	0.00808455	0	0.017115942	0	0.000103674	0.278678188	0.102303	0.042809936	0.224399578	0.040223336	0.09165961	0	0.154830592	0	0.019508183
Sample81	0	0.105841416	0.028121902	0.016909518	0.004689275	0.033410813	0	0.078507962	0	0.253436145	0	0	0.002713309	0.076505102	0.052110321	0.002416508	0.002149712	0.234064912	0	0.039302962
Sample82	0	0	0	0	0.005675134	0.013642525	0	0.031371397	0	0	0.660246209	0	0.077035392	0	0.021647662	0	0.000756881	0.129569007	0	0.060055793
Sample83	0.007022602	0.095648364	0.012548385	0.007264849	0.086200194	0.097347427	0.030657104	0.087798321	0	0.179787363	0.035042916	0	0.000297121	0.088390842	0.04117768	0.00513888	0.002787248	0.185600794	0	0.019868564
Sample84	0.004239516	0.065492519	0	0.010089856	0.029593729	0.054726734	0	0.019724975	0	0.074311787	0.407000727	0	0.094516578	0.042827643	0.025200366	0	0	0.160946799	0	0.011328771
Sample85	0	0	0	0	0	0.601157326	0	0	0	0	0.019013017	0	0	0.114438371	0	0	0.011906136	0.067201949	0.065309017	0.120974184
Sample86	0.120741738	0.005438438	0	0	0	0.164007609	0	0.056776663	0.013304703	0.018453585	0.02051872	0	0.032719321	0.078323168	0.104929309	0	0.004262996	0.288327644	0	0.092196108
Sample87	0	0.04721593	0	0	0	0.008691757	0	0.004204307	0	0	0	0	0	0	0.221788238	0	0.076645127	0.232458387	0	0.11046841
Sample88	0	0	0	0	0	0.64085378	0	0	0	0	0.001399382	0	0	0	0	0	0.045574209	0.124761219	0.103300296	0.084111114
Sample89	0.006443625	0	0	0	0	0.2198872	0	0.003892918	0	0	0.015603413	0	0	0.006158715	0.119661643	0	0.059215966	0.381226006	0	0.077159353
Sample90	0	0.018140388	0	0	0	0.108170887	0	0.024208519	0	0.117983497	0.026022394	0	0	0.033944196	0.153429186	0	0.030750237	0.376935985	0	0.066462404
Sample91	0	0	0	0	0	0.120693877	0	0	0	0	0.015119023	0	0	0.033633369	0	0	0.036651541	0.615575536	0	0.178326654
Sample92	0.011010085	0	0	0	0	0.125205673	0	0	0.042182972	0	0.092580064	0	0	0.001246862	0.123698786	0	0.021935336	0.518043506	0	0.064096716
Sample93	0	0	0	0	0	0.22923905	0	0	0	0	0.011763776	0	0	0	0	0	0.045665961	0.296425492	0.183522643	0.233383078
Sample94	0	0	0	0	0	0.335897449	0	0	0	0	0.003463469	0	0	0.208063623	0	0	0.016065507	0.260554433	0.08402544	0.091930078
Sample95	0.057011953	0.178836757	0	0	0.015252173	0.08944941	0	0	0.006590234	0	0.008395297	0	0	0.040335232	0	0	0	0	0	0
Sample96	0	0	0	0	0	0.07879907	0	0.03032015	0.001031861	0	0.01145846	0	0	0.029181994	0.070511924	0	0.064312822	0.619764175	0	0.094619545
Sample97	0	0	0	0	0	0.068480273	0	0	0	0	0.06880907	0	0	0.470129877	0.057028443	0	0.009857679	0.306851321	0	0.018843336
Sample98	0	0	0	0	0	0.181074051	0	0	0.011724791	0	0.019141963	0	0	0.045116792	0.049444064	0	0.054182688	0.30537007	0.12765278	0.206292801
Sample99	0.062436595	0.008928314	0	0	0.05607855	0.090844902	0	0.087160514	0.076908722	0.029547522	0.078566993	0	0.070613678	0.17808166	0.040013267	0	0.016725471	0.190336761	0	0.013757049
Sample100	0	0	0.040525713	0	0.007646829	0.221442271	0.003679905	0.050141246	0	0.03573163	0.095817992	0	0.153745105	0.050380565	0.041574377	0	0.002027739	0.280058257	0	0.017228372
Sample101	0	0	0	0	0	0.040579664	0	0	0	0	0.067799731	0	0	0.228365293	0.03997961	0	0.019753217	0.503211711	0	0.100310774
Sample102	0	0	0.016265885	0	0.020889054	0.02671272	0	0.013294579	0	0.038621447	0.667619518	0	0.102720918	0.000711238	0.011420855	0	0	0.098686269	0	0.003057515
Sample103	0	0	0	0	0	0.079124249	0	0.045756135	0	0.100747905	0.001887334	0	0.012577064	0.069345537	0.122142214	0	0.010764493	0.501639573	0	0.056015496
Sample104	0.073907766	0.175403146	0.00666424	0.034305027	0.009410865	0.12121788	0	0.068585141	0	0.142941472	0	0	0	0.01961418	0.063163865	0	0	0.233149066	0	0.025343092
Sample105	0	0.04147731	0.014963292	0	0	0.122393424	0	0.040517619	0	0.193623955	0	0	0	0.049812336	0.073917257	0	0.022009223	0.371694866	0	0.069590716
Sample106	0	0	0	0	0	0.101204377	0	0	0.021382197	0	0.027319771	0	0	0.133082326	0	0	0.030391878	0.591922035	0	0.094697414
Sample107	0	0	0	0	0	0.392147958	0	0	0	0	0.018976592	0	0	0.021594284	0.066795582	0	0.043016208	0.275534044	0.050133328	0.087043797
Sample108	0	0	0	0	0	0	0	0	0	0	0.007262561	0	0	0.011796902	0	0	0.071836705	0.739002195	0	0.170101637
Sample109	0	0	0	0	0	0.123012392	0	0	0	0	0.030325661	0	0	0.221924224	0.071647927	0	0	0.499367408	0	0.053722388
Sample110	0	0	0	0	0	0.019308638	0	0	0.033645349	0	0.019608887	0	0	0.014379313	0.019608794	0	0.036979554	0.694117879	0	0.162351587
Sample111	0	0.085981016	0.014564924	0.048332548	0.025226175	0.015313851	0	0.080083501	0	0.164718756	0	0	0	0.026372412	0.107901411	0	0.015989486	0.348906036	0	0.066609885
Sample112	0	0	0.018558641	0	0.079294865	0.107957065	0	0.092578028	0	0.062094888	0	0	0.034669808	0.009077364	0.099517687	0	0.034230607	0.406172123	0	0.055848924
Sample113	0	0.000102694	0	0.006002145	0	0.002627258	0	0.00799967	0	0.001157633	0	0	0.038065479	0.239921519	0.050172918	0.393906413	0	0.099050421	0	0.001920051
Sample114	0	0.023371332	0	0.006238394	0	0.003650165	0	0.015471928	0	0.017290834	0	0	0	0.206783959	0.12859546	0.033536744	0.000347493	0.293559612	0	0
Sample115	0	0	0	0	0	0.077134357	0	0	0	0	0.010162061	0.09776869	0	0.139407311	0.099978905	0.053602178	0.010669159	0.46219675	0	0.04908059
Sample116	1.78e-05	0	0	0.003680144	0	0.003091167	0	0.010362114	0.001354075	7.19e-05	0.0039341	0.037456989	0.00844136	0.417708938	0.02096756	0.388712815	0	0.059549705	0	0.002219303
Sample117	0	0	0.023668099	0.031637561	0.013369899	0.17470613	0	0.028780024	0	0.156101048	0.022127459	0.062744722	0.009613771	0.123489288	0.051707454	0.100198928	0.001303868	0.19315231	0	0.00739944
Sample118	0.010325546	0	0	0	0.146574167	0.32335222	0	0.034106106	0	0.042057093	0.041016155	0	0.038372265	0.1277838	0.036351584	0	0.002367984	0.182559623	0	0.015133456
Sample119	0	0.013165909	0.000659043	0	0.009242538	0.01861742	0	0.014357819	0	0.024433865	0.011940761	0.177053124	0	0.314110737	0.02893798	0.261556373	4.79e-05	0.114465744	0	0.011410815
Sample120	0	0	0	0	0	0.065441203	0	0	0	0.075308291	0.027105202	0	0.009907782	0.193549214	0.102019565	0.019897916	0.015386485	0.439400575	0	0.051983766
Sample121	0	0	0	0	0	0.100820271	0	0.022290155	0	0.017476681	0.040872582	0.205490198	0	0.274756606	0.039326384	0	0	0.249612612	0	0.04935451
Sample122	0	0	0	0	0	0.133889693	0	0	0	0	0.016165213	0	0	0.05613657	0	0	0.067601878	0.362971215	0.148624293	0.214611138
Sample123	0	0	0.008861609	0	0.051083325	0.093293681	0	0.020531559	0	0.037373191	0.009638839	0	0.069212624	0.187626495	0.050966548	0	0.016464203	0.394976328	0	0.059971598
Sample124	0	0	0	0	0	0.130403327	0	0.044295243	0	0	0.000361363	0	0.031070619	0.141130875	0.099917016	0.108554434	0.029146869	0.384533998	0	0.030586256
Sample125	0	0.109835756	0	0.013296603	0.046320123	0.110678269	0	0.027406462	0	0.124228452	0.066861386	0	0.001108738	0.12723103	0.06928437	0.038434016	0.001081159	0.239390379	0	0.020739707
Sample126	0	0	0	0	0	0.092553892	0	0	0	0	0.01725336	0	0	0	0	0	0.016104644	0.673789104	0	0.200299001
Sample127	0	0	0	0	0	0.225224727	0	0	0	0	0.006716824	0	0	0	0	0	0.054862467	0.296400065	0.254011058	0.162784859
Sample128	0	0	0	0	0	0.026413281	0	0	0	0	0.230832843	0	0	0.232992004	0	0	0.05312801	0.325483109	0.030683749	0.100467004
Sample129	0	0	0	0	0	0.149730789	0	0	0	0	0	0	0	0	0	0	0.061809323	0.538435487	0	0.2500244
Sample130	0	0	0	0	0	0.28905021	0	0	0	0	0.070611613	0	0	0.111351097	0	0	0.028224874	0.180455218	0.187112053	0.133194934
Sample131	0.016891942	0	0	0	0	0.02472344	0	0	0	0	0.274199734	0	0	0.203441932	0.090362404	0	0.001538736	0.382052878	0	0.006788933
Sample132	0	0	0	0	0	0.149995296	0	0	0	0	0	0	0	0	0	0	0.075600024	0.425982353	0.091225203	0.257197124
Sample133	0	0	0	0	0	0.203322177	0	0	0	0	0	0	0	0	0	0	0.064335719	0.490595699	0	0.241746405
Sample134	0	0	0	0	0.007716484	0.186888317	0	0.022098264	0	0.067657239	0.030095454	0.026140548	0	0.166006977	0.061225329	0.007666919	0.001631632	0.397932241	0	0.024940597
Sample135	0.024311231	0.014969733	0.023908878	0	0.001245076	0.075403377	0.023355125	0.089788848	0	0.130484334	0.06896688	0	0	0.248631252	0.045059996	0	0.010318391	0.188273496	0	0.05131185
Sample136	0	0.046781009	0.008484022	0	0.023157881	0.119986799	0.017652393	0.107944161	0.002033047	0.13991621	0.076082366	0	0	0.151618378	0.047410232	0	0	0.229518985	0	0.029414517
Sample137	0	0	0	0	0.03744109	0.22278965	0	0.032619924	0	0.028888781	0.090644496	0.000805805	0	0.244709219	0.046805955	0	0.007979946	0.278004774	0	0.009310359
Sample138	0	0	0	0	0	0.455963487	0	0	0	0	0.043258876	0	0	0	0	0	0.061612798	0.159059857	0.138861252	0.141243731
Sample139	0	0.104113896	0.04168763	0.022968335	0.027662654	0.104489605	0.007875918	0.103661272	0.072756443	0.148211574	0.0191369	0	0.011216402	0.017622892	0.064399023	0	0.003337818	0.222052292	0	0.028807346
Sample140	0.051690306	0.078316083	0.03029639	0.04774075	0.031193198	0.151527644	0.068136563	0.116443052	0	0.132055486	0.026441106	0	0	0.050125295	0.03642619	0	0.004155178	0.166163138	0	0.004800726
Sample141	0	0	0	0	0	0.10624158	0	0	0	0	0.089370065	0	0	0.115487773	0	0	0.007664747	0.547292988	0.023167508	0.110775339
Sample142	0	0	0	0	0	0.121762298	0	0.003727548	0	0	0.089088719	0.023543411	0	0.135108223	0.055056066	0	0.020654014	0.496818602	0	0.054241119
Sample143	0	0	0	0	0	0.120253227	0	0	0	0	0	0.087703423	0	0.143961211	0.018814949	0	0.000209323	0.558347996	0	0.07070987
Sample144	0	0	0	0	0.045169458	0.152054502	0	0.031939791	0	0.063345216	0.009202706	0.020096248	0.009783272	0.182839783	0.077697842	0	0.008709162	0.360323068	0	0.038838951
Sample145	0	0	0	0	0	0.187714563	0	0	0	0	0.017219989	0.057406582	0	0.011043531	0	0	0.030607289	0.583067466	0	0.11294058
Sample146	0	0	0	0	0	0.092420446	0	0	0	0	0.195735212	0	0	0.083184451	0	0	0.018503155	0.526366316	0	0.083790421
Sample147	0	0	0	0	0	0.112036171	0	0	0	0	0.014179323	0	0	0	0	0	0.067817981	0.519855479	0	0.286111046
Sample148	0	0	0	0.001727968	0.001507608	0.011058093	0	0.018426953	0	0	0.155223674	0	0.148405537	0.219712832	0.03176135	0.298803595	0.003613668	0.092400436	0	0.017358287
Sample149	0	0.0105908	0	0.002941698	0.016541054	0.059732519	0	0.030554767	0	0.144074642	0.086838346	0.049267228	0.134604343	0.097501035	0.078563313	0.011416763	0	0.25919726	0	0.01817623
Sample150	0	0	0	0	0	0.07563578	0	0	0	0	0.118826926	0	0.028994786	0.020088759	0.082388406	0.000440554	0.000796664	0.614751655	0	0.05807647
Sample151	0	0.063120224	0	0.018595392	0.012294347	0.027806664	0	0.047453533	0	0.163874152	0.01478919	0	0.037986276	0.057206341	0.069776594	0.132539983	0.007939499	0.252104348	0	0.07154334
Sample152	0	0.014845596	0.000796375	0	0.007673898	0.02367966	0.000365494	0.025823116	0	0.036697853	0.00289189	0.036433856	0.074483841	0.200689663	0.073447114	0.197541886	0	0.289538973	0	0.015090787
Sample153	0	0.021992828	0	0	0.020903137	0.077763936	0	0.021669256	0	0.066151421	0.101439627	0	0.072353574	0.232336931	0.039139977	0.022500517	0.003225444	0.298653443	0	0.021869911
Sample154	0	0.009244453	0	0.038447053	0	0.056633579	0	0.038874322	0	0.041125941	0.045669454	0	0.042065131	0.171513315	0.061465743	0.219310851	0.003873475	0.211590634	0	0.022462301
